onnx/model_0_0.onnx,vnnlib/d0_eps_0.01_sample_7_label_7.vnnlib
onnx/model_0_0.onnx,vnnlib/d0_eps_0.01_sample_12_label_9.vnnlib
onnx/model_0_0.onnx,vnnlib/d0_eps_0.01_sample_18_label_1.vnnlib
onnx/model_0_0.onnx,vnnlib/d0_eps_0.01_sample_19_label_9.vnnlib
onnx/model_0_0.onnx,vnnlib/d0_eps_0.02_sample_9_label_9.vnnlib
onnx/model_0_0.onnx,vnnlib/d0_eps_0.02_sample_10_label_0.vnnlib
onnx/model_0_0.onnx,vnnlib/d0_eps_0.02_sample_11_label_8.vnnlib
onnx/model_0_0.onnx,vnnlib/d0_eps_0.02_sample_13_label_7.vnnlib
onnx/model_0_0.onnx,vnnlib/d0_eps_0.02_sample_18_label_5.vnnlib
onnx/model_1_1.onnx,vnnlib/d1_eps_0.01_sample_0_label_3.vnnlib
onnx/model_1_1.onnx,vnnlib/d1_eps_0.01_sample_2_label_7.vnnlib
onnx/model_1_1.onnx,vnnlib/d1_eps_0.01_sample_3_label_1.vnnlib
onnx/model_1_1.onnx,vnnlib/d1_eps_0.01_sample_4_label_3.vnnlib
onnx/model_1_1.onnx,vnnlib/d1_eps_0.01_sample_5_label_4.vnnlib
onnx/model_1_1.onnx,vnnlib/d1_eps_0.01_sample_6_label_1.vnnlib
onnx/model_1_1.onnx,vnnlib/d1_eps_0.01_sample_7_label_0.vnnlib
onnx/model_1_1.onnx,vnnlib/d1_eps_0.01_sample_9_label_1.vnnlib
onnx/model_1_1.onnx,vnnlib/d1_eps_0.01_sample_11_label_5.vnnlib
onnx/model_1_1.onnx,vnnlib/d1_eps_0.01_sample_13_label_2.vnnlib
onnx/model_1_1.onnx,vnnlib/d1_eps_0.01_sample_14_label_4.vnnlib
onnx/model_1_1.onnx,vnnlib/d1_eps_0.01_sample_15_label_3.vnnlib
onnx/model_1_1.onnx,vnnlib/d1_eps_0.01_sample_16_label_0.vnnlib
onnx/model_1_1.onnx,vnnlib/d1_eps_0.01_sample_18_label_3.vnnlib
onnx/model_1_1.onnx,vnnlib/d1_eps_0.01_sample_19_label_4.vnnlib
onnx/model_1_1.onnx,vnnlib/d1_eps_0.02_sample_6_label_3.vnnlib
onnx/model_1_1.onnx,vnnlib/d1_eps_0.02_sample_13_label_0.vnnlib
onnx/model_2_2.onnx,vnnlib/d2_eps_0.01_sample_1_label_9.vnnlib
onnx/model_2_2.onnx,vnnlib/d2_eps_0.01_sample_5_label_7.vnnlib
onnx/model_2_2.onnx,vnnlib/d2_eps_0.01_sample_7_label_9.vnnlib
onnx/model_2_2.onnx,vnnlib/d2_eps_0.01_sample_8_label_3.vnnlib
onnx/model_2_2.onnx,vnnlib/d2_eps_0.01_sample_17_label_3.vnnlib
onnx/model_2_2.onnx,vnnlib/d2_eps_0.01_sample_19_label_0.vnnlib
onnx/model_2_2.onnx,vnnlib/d2_eps_0.02_sample_12_label_3.vnnlib
onnx/model_2_2.onnx,vnnlib/d2_eps_0.02_sample_16_label_2.vnnlib
onnx/model_2_2.onnx,vnnlib/d2_eps_0.03_sample_0_label_5.vnnlib
onnx/model_2_2.onnx,vnnlib/d2_eps_0.03_sample_2_label_1.vnnlib
onnx/model_2_2.onnx,vnnlib/d2_eps_0.03_sample_4_label_9.vnnlib
onnx/model_2_2.onnx,vnnlib/d2_eps_0.03_sample_5_label_4.vnnlib
onnx/model_2_2.onnx,vnnlib/d2_eps_0.03_sample_9_label_2.vnnlib
onnx/model_2_2.onnx,vnnlib/d2_eps_0.03_sample_16_label_0.vnnlib
onnx/model_2_2.onnx,vnnlib/d2_eps_0.04_sample_2_label_4.vnnlib
onnx/model_2_2.onnx,vnnlib/d2_eps_0.04_sample_3_label_6.vnnlib
onnx/model_2_2.onnx,vnnlib/d2_eps_0.04_sample_5_label_6.vnnlib
onnx/model_2_2.onnx,vnnlib/d2_eps_0.04_sample_6_label_0.vnnlib
onnx/model_2_2.onnx,vnnlib/d2_eps_0.04_sample_14_label_7.vnnlib
onnx/model_2_2.onnx,vnnlib/d2_eps_0.04_sample_15_label_6.vnnlib
onnx/model_2_2.onnx,vnnlib/d2_eps_0.04_sample_16_label_7.vnnlib
onnx/model_2_2.onnx,vnnlib/d2_eps_0.04_sample_18_label_5.vnnlib
onnx/model_2_2.onnx,vnnlib/d2_eps_0.05_sample_6_label_6.vnnlib
onnx/model_2_2.onnx,vnnlib/d2_eps_0.05_sample_17_label_5.vnnlib
onnx/model_2_2.onnx,vnnlib/d2_eps_0.06_sample_11_label_0.vnnlib
onnx/model_3_3.onnx,vnnlib/d3_eps_0.01_sample_0_label_5.vnnlib
onnx/model_3_3.onnx,vnnlib/d3_eps_0.01_sample_2_label_4.vnnlib
onnx/model_3_3.onnx,vnnlib/d3_eps_0.01_sample_3_label_7.vnnlib
onnx/model_3_3.onnx,vnnlib/d3_eps_0.01_sample_6_label_6.vnnlib
onnx/model_3_3.onnx,vnnlib/d3_eps_0.01_sample_7_label_6.vnnlib
onnx/model_3_3.onnx,vnnlib/d3_eps_0.01_sample_8_label_7.vnnlib
onnx/model_3_3.onnx,vnnlib/d3_eps_0.01_sample_9_label_0.vnnlib
onnx/model_3_3.onnx,vnnlib/d3_eps_0.01_sample_10_label_0.vnnlib
onnx/model_3_3.onnx,vnnlib/d3_eps_0.01_sample_11_label_1.vnnlib
onnx/model_3_3.onnx,vnnlib/d3_eps_0.01_sample_12_label_6.vnnlib
onnx/model_3_3.onnx,vnnlib/d3_eps_0.01_sample_13_label_0.vnnlib
onnx/model_3_3.onnx,vnnlib/d3_eps_0.01_sample_15_label_5.vnnlib
onnx/model_3_3.onnx,vnnlib/d3_eps_0.01_sample_16_label_2.vnnlib
onnx/model_3_3.onnx,vnnlib/d3_eps_0.01_sample_17_label_4.vnnlib
onnx/model_3_3.onnx,vnnlib/d3_eps_0.01_sample_18_label_4.vnnlib
onnx/model_3_3.onnx,vnnlib/d3_eps_0.02_sample_0_label_3.vnnlib
onnx/model_3_3.onnx,vnnlib/d3_eps_0.02_sample_1_label_3.vnnlib
onnx/model_3_3.onnx,vnnlib/d3_eps_0.02_sample_2_label_7.vnnlib
onnx/model_3_3.onnx,vnnlib/d3_eps_0.02_sample_3_label_2.vnnlib
onnx/model_3_3.onnx,vnnlib/d3_eps_0.02_sample_4_label_5.vnnlib
onnx/model_3_3.onnx,vnnlib/d3_eps_0.02_sample_6_label_4.vnnlib
onnx/model_3_3.onnx,vnnlib/d3_eps_0.02_sample_7_label_6.vnnlib
onnx/model_3_3.onnx,vnnlib/d3_eps_0.02_sample_8_label_1.vnnlib
onnx/model_3_3.onnx,vnnlib/d3_eps_0.02_sample_9_label_5.vnnlib
onnx/model_3_3.onnx,vnnlib/d3_eps_0.02_sample_10_label_6.vnnlib
onnx/model_3_3.onnx,vnnlib/d3_eps_0.02_sample_12_label_3.vnnlib
onnx/model_3_3.onnx,vnnlib/d3_eps_0.02_sample_13_label_1.vnnlib
onnx/model_3_3.onnx,vnnlib/d3_eps_0.02_sample_15_label_0.vnnlib
onnx/model_3_3.onnx,vnnlib/d3_eps_0.02_sample_16_label_4.vnnlib
onnx/model_3_3.onnx,vnnlib/d3_eps_0.02_sample_17_label_2.vnnlib
onnx/model_3_3.onnx,vnnlib/d3_eps_0.02_sample_18_label_6.vnnlib
onnx/model_3_3.onnx,vnnlib/d3_eps_0.03_sample_0_label_4.vnnlib
onnx/model_3_3.onnx,vnnlib/d3_eps_0.03_sample_2_label_7.vnnlib
onnx/model_3_3.onnx,vnnlib/d3_eps_0.03_sample_3_label_2.vnnlib
onnx/model_3_3.onnx,vnnlib/d3_eps_0.03_sample_4_label_5.vnnlib
onnx/model_3_3.onnx,vnnlib/d3_eps_0.03_sample_6_label_6.vnnlib
onnx/model_3_3.onnx,vnnlib/d3_eps_0.03_sample_7_label_5.vnnlib
onnx/model_3_3.onnx,vnnlib/d3_eps_0.03_sample_8_label_6.vnnlib
onnx/model_3_3.onnx,vnnlib/d3_eps_0.03_sample_9_label_7.vnnlib
onnx/model_3_3.onnx,vnnlib/d3_eps_0.03_sample_10_label_3.vnnlib
onnx/model_3_3.onnx,vnnlib/d3_eps_0.03_sample_11_label_9.vnnlib
onnx/model_3_3.onnx,vnnlib/d3_eps_0.03_sample_13_label_7.vnnlib
onnx/model_3_3.onnx,vnnlib/d3_eps_0.03_sample_19_label_9.vnnlib
onnx/model_3_3.onnx,vnnlib/d3_eps_0.04_sample_3_label_0.vnnlib
onnx/model_3_3.onnx,vnnlib/d3_eps_0.04_sample_4_label_6.vnnlib
onnx/model_3_3.onnx,vnnlib/d3_eps_0.04_sample_8_label_7.vnnlib
onnx/model_3_3.onnx,vnnlib/d3_eps_0.04_sample_10_label_0.vnnlib
onnx/model_3_3.onnx,vnnlib/d3_eps_0.04_sample_13_label_6.vnnlib
onnx/model_3_3.onnx,vnnlib/d3_eps_0.04_sample_15_label_8.vnnlib
onnx/model_3_3.onnx,vnnlib/d3_eps_0.04_sample_18_label_8.vnnlib
onnx/model_3_3.onnx,vnnlib/d3_eps_0.05_sample_10_label_7.vnnlib
onnx/model_3_3.onnx,vnnlib/d3_eps_0.05_sample_17_label_0.vnnlib
onnx/model_3_3.onnx,vnnlib/d3_eps_0.06_sample_17_label_0.vnnlib
onnx/model_2_2.onnx,vnnlib/d2_eps_0.1_sample_13_label_9.vnnlib
onnx/model_0_0.onnx,vnnlib/d0_eps_0.03_sample_3_label_3.vnnlib
onnx/model_3_3.onnx,vnnlib/d3_eps_0.07_sample_1_label_2.vnnlib
onnx/model_0_0.onnx,vnnlib/d0_eps_0.07_sample_8_label_3.vnnlib
onnx/model_1_1.onnx,vnnlib/d1_eps_0.09_sample_7_label_7.vnnlib
onnx/model_1_1.onnx,vnnlib/d1_eps_0.07_sample_18_label_5.vnnlib
onnx/model_2_2.onnx,vnnlib/d2_eps_0.07_sample_12_label_9.vnnlib
onnx/model_2_2.onnx,vnnlib/d2_eps_0.03_sample_14_label_4.vnnlib
onnx/model_1_1.onnx,vnnlib/d1_eps_0.1_sample_9_label_7.vnnlib
onnx/model_2_2.onnx,vnnlib/d2_eps_0.1_sample_1_label_9.vnnlib
onnx/model_0_0.onnx,vnnlib/d0_eps_0.07_sample_5_label_1.vnnlib
onnx/model_3_3.onnx,vnnlib/d3_eps_0.09_sample_4_label_9.vnnlib
onnx/model_3_3.onnx,vnnlib/d3_eps_0.04_sample_16_label_9.vnnlib
onnx/model_0_0.onnx,vnnlib/d0_eps_0.05_sample_19_label_1.vnnlib
onnx/model_1_1.onnx,vnnlib/d1_eps_0.02_sample_2_label_9.vnnlib
onnx/model_0_0.onnx,vnnlib/d0_eps_0.04_sample_18_label_3.vnnlib
onnx/model_1_1.onnx,vnnlib/d1_eps_0.06_sample_1_label_1.vnnlib
onnx/model_0_0.onnx,vnnlib/d0_eps_0.09_sample_1_label_5.vnnlib
onnx/model_1_1.onnx,vnnlib/d1_eps_0.1_sample_13_label_9.vnnlib
onnx/model_2_2.onnx,vnnlib/d2_eps_0.08_sample_18_label_9.vnnlib
onnx/model_2_2.onnx,vnnlib/d2_eps_0.06_sample_8_label_5.vnnlib
onnx/model_0_0.onnx,vnnlib/d0_eps_0.1_sample_8_label_9.vnnlib
onnx/model_1_1.onnx,vnnlib/d1_eps_0.1_sample_12_label_4.vnnlib
onnx/model_0_0.onnx,vnnlib/d0_eps_0.06_sample_18_label_4.vnnlib
onnx/model_1_1.onnx,vnnlib/d1_eps_0.1_sample_14_label_7.vnnlib
onnx/model_0_0.onnx,vnnlib/d0_eps_0.06_sample_7_label_9.vnnlib
